https://thepihut.com/products/raspberry-pi-4-model-b?variant=20064052740158,In Stock,2023-06-17 19:10:41
https://thepihut.com/products/raspberry-pi-4-model-b?variant=31994565689406,In stock,2023-06-17 19:10:41
https://thepihut.com/products/raspberry-pi-4-model-b?variant=20064052674622,In stock,2023-06-17 19:10:41
https://thepihut.com/products/raspberry-pi-4-model-b?variant=41005997392067,In stock,2023-06-17 19:10:41
https://thepihut.com/products/raspberry-pi-zero-2?variant=41181426909379,In stock,2023-06-17 19:10:41
https://thepihut.com/products/raspberry-pi-zero-2?variant=41181426942147,In stock,2023-06-17 19:10:41
https://coolcomponents.co.uk/collections/raspberry-pi/products/raspberry-pi-4,in stock.,2023-06-22 16:40:34
https://coolcomponents.co.uk/collections/raspberry-pi/products/raspberry-pi-zero-2-w,in stock.,2023-06-22 16:51:17
https://www.rapidonline.com/Raspberry-Pi-Zero-2-W-75-2230,in Stock,
https://www.rapidonline.com/raspberry-pi-4-model-b-8gb-75-1013,in Stock,2023-06-23 11:09:08
